"Longitude (x)","Latitude (y)","Station Name","Climate ID","Date/Time","Year","Month","Day","Data Quality","Max Temp (°C)","Max Temp Flag","Min Temp (°C)","Min Temp Flag","Mean Temp (°C)","Mean Temp Flag","Heat Deg Days (°C)","Heat Deg Days Flag","Cool Deg Days (°C)","Cool Deg Days Flag","Total Rain (mm)","Total Rain Flag","Total Snow (cm)","Total Snow Flag","Total Precip (mm)","Total Precip Flag","Snow on Grnd (cm)","Snow on Grnd Flag","Dir of Max Gust (10s deg)","Dir of Max Gust Flag","Spd of Max Gust (km/h)","Spd of Max Gust Flag"
"-119.45","50.06","OKANAGAN CENTRE","1125700","2021-01-01","2021","01","01","","","","","","","","","","","","","","","","","","","","","","",""
"-119.45","50.06","OKANAGAN CENTRE","1125700","2021-01-02","2021","01","02","","","","","","","","","","","","","","","","","","","","","","",""
"-119.45","50.06","OKANAGAN CENTRE","1125700","2021-01-03","2021","01","03","","","","","","","","","","","","","","","","","","","","","","",""
"-119.45","50.06","OKANAGAN CENTRE","1125700","2021-01-04","2021","01","04","","","","","","","","","","","","","","","","","","","","","","",""
"-119.45","50.06","OKANAGAN CENTRE","1125700","2021-01-05","2021","01","05","","","","","","","","","","","","","","","","","","","","","","",""
"-119.45","50.06","OKANAGAN CENTRE","1125700","2021-01-06","2021","01","06","","","","","","","","","","","","","","","","","","","","","","",""
"-119.45","50.06","OKANAGAN CENTRE","1125700","2021-01-07","2021","01","07","","","","","","","","","","","","","","","","","","","","","","",""
"-119.45","50.06","OKANAGAN CENTRE","1125700","2021-01-08","2021","01","08","","","","","","","","","","","","","","","","","","","","","","",""
"-119.45","50.06","OKANAGAN CENTRE","1125700","2021-01-09","2021","01","09","","","","","","","","","","","","","","","","","","","","","","",""
"-119.45","50.06","OKANAGAN CENTRE","1125700","2021-01-10","2021","01","10","","","","","","","","","","","","","","","","","","","","","","",""
"-119.45","50.06","OKANAGAN CENTRE","1125700","2021-01-11","2021","01","11","","","","","","","","","","","","","","","","","","","","","","",""
"-119.45","50.06","OKANAGAN CENTRE","1125700","2021-01-12","2021","01","12","†","11.0","","1.5","","6.3","","11.7","","0.0","","13.0","","0.0","","13.0","","0","","","","",""
"-119.45","50.06","OKANAGAN CENTRE","1125700","2021-01-13","2021","01","13","†","5.0","","2.0","","3.5","","14.5","","0.0","","4.4","","0.0","","4.4","","0","","","","",""
"-119.45","50.06","OKANAGAN CENTRE","1125700","2021-01-14","2021","01","14","†","2.0","","-2.0","","0.0","","18.0","","0.0","","0.0","","0.0","","0.0","","0","","","","",""
"-119.45","50.06","OKANAGAN CENTRE","1125700","2021-01-15","2021","01","15","†","6.0","","-1.0","","2.5","","15.5","","0.0","","0.0","","0.0","","0.0","","0","","","","",""
"-119.45","50.06","OKANAGAN CENTRE","1125700","2021-01-16","2021","01","16","†","3.0","","-2.5","","0.3","","17.7","","0.0","","0.0","","1.0","","1.0","","0","","","","",""
"-119.45","50.06","OKANAGAN CENTRE","1125700","2021-01-17","2021","01","17","†","4.0","","-1.0","","1.5","","16.5","","0.0","","1.0","","0.0","","1.0","","1","","","","",""
"-119.45","50.06","OKANAGAN CENTRE","1125700","2021-01-18","2021","01","18","†","5.0","","1.0","","3.0","","15.0","","0.0","","0.0","","0.0","","0.0","","0","","","","",""
"-119.45","50.06","OKANAGAN CENTRE","1125700","2021-01-19","2021","01","19","†","5.0","","-2.0","","1.5","","16.5","","0.0","","0.0","","0.0","","0.0","","0","","","","",""
"-119.45","50.06","OKANAGAN CENTRE","1125700","2021-01-20","2021","01","20","†","5.0","","0.0","","2.5","","15.5","","0.0","","0.0","","0.0","","0.0","","0","","","","",""
"-119.45","50.06","OKANAGAN CENTRE","1125700","2021-01-21","2021","01","21","†","-1.0","","-4.0","","-2.5","","20.5","","0.0","","0.0","","0.0","","0.0","","0","","","","",""
"-119.45","50.06","OKANAGAN CENTRE","1125700","2021-01-22","2021","01","22","†","-2.0","","-5.5","","-3.8","","21.8","","0.0","","0.0","","0.0","","0.0","","0","","","","",""
"-119.45","50.06","OKANAGAN CENTRE","1125700","2021-01-23","2021","01","23","†","-1.0","","-7.5","","-4.3","","22.3","","0.0","","0.0","","0.0","","0.0","","0","","","","",""
"-119.45","50.06","OKANAGAN CENTRE","1125700","2021-01-24","2021","01","24","†","-2.0","","-6.0","","-4.0","","22.0","","0.0","","0.0","","4.0","","4.0","","0","","","","",""
"-119.45","50.06","OKANAGAN CENTRE","1125700","2021-01-25","2021","01","25","†","-1.0","","-3.5","","-2.3","","20.3","","0.0","","0.0","","1.0","","1.0","","3","","","","",""
"-119.45","50.06","OKANAGAN CENTRE","1125700","2021-01-26","2021","01","26","†","1.0","","-2.0","","-0.5","","18.5","","0.0","","0.0","","0.0","T","0.0","T","3","","","","",""
"-119.45","50.06","OKANAGAN CENTRE","1125700","2021-01-27","2021","01","27","†","0.0","","-1.5","","-0.8","","18.8","","0.0","","0.0","","5.0","","5.0","","2","","","","",""
"-119.45","50.06","OKANAGAN CENTRE","1125700","2021-01-28","2021","01","28","†","1.0","","0.0","","0.5","","17.5","","0.0","","0.0","","2.0","","2.0","","7","","","","",""
"-119.45","50.06","OKANAGAN CENTRE","1125700","2021-01-29","2021","01","29","†","3.0","","0.0","","1.5","","16.5","","0.0","","0.0","","0.0","","0.0","","8","","","","",""
"-119.45","50.06","OKANAGAN CENTRE","1125700","2021-01-30","2021","01","30","†","2.0","","-1.0","","0.5","","17.5","","0.0","","1.0","","1.0","","2.0","","5","","","","",""
"-119.45","50.06","OKANAGAN CENTRE","1125700","2021-01-31","2021","01","31","†","3.0","","0.0","","1.5","","16.5","","0.0","","3.6","","0.0","","3.6","","0","","","","",""
"-119.45","50.06","OKANAGAN CENTRE","1125700","2021-02-01","2021","02","01","†","6.0","","1.0","","3.5","","14.5","","0.0","","7.2","","0.0","","7.2","","3","","","","",""
"-119.45","50.06","OKANAGAN CENTRE","1125700","2021-02-02","2021","02","02","†","9.0","","2.0","","5.5","","12.5","","0.0","","0.0","","0.0","","0.0","","1","","","","",""
"-119.45","50.06","OKANAGAN CENTRE","1125700","2021-02-03","2021","02","03","†","9.0","","1.0","","5.0","","13.0","","0.0","","0.0","","0.0","","0.0","","0","T","","","",""
"-119.45","50.06","OKANAGAN CENTRE","1125700","2021-02-04","2021","02","04","†","3.0","","0.0","","1.5","","16.5","","0.0","","3.0","","0.0","","3.0","","0","","","","",""
"-119.45","50.06","OKANAGAN CENTRE","1125700","2021-02-05","2021","02","05","","","","","","","","","","","","","","","","","","","","","","",""
"-119.45","50.06","OKANAGAN CENTRE","1125700","2021-02-06","2021","02","06","†","5.0","","1.0","","3.0","","15.0","","0.0","","0.0","","0.0","","0.0","","1","","","","",""
"-119.45","50.06","OKANAGAN CENTRE","1125700","2021-02-07","2021","02","07","†","1.0","","-2.0","","-0.5","","18.5","","0.0","","0.0","","0.0","","0.0","","0","","","","",""
"-119.45","50.06","OKANAGAN CENTRE","1125700","2021-02-08","2021","02","08","†","-5.0","","-8.0","","-6.5","","24.5","","0.0","","0.0","","0.0","","0.0","","0","","","","",""
"-119.45","50.06","OKANAGAN CENTRE","1125700","2021-02-09","2021","02","09","†","-8.0","","-14.0","","-11.0","","29.0","","0.0","","0.0","","0.0","","0.0","","0","","","","",""
"-119.45","50.06","OKANAGAN CENTRE","1125700","2021-02-10","2021","02","10","†","-8.0","","-12.0","","-10.0","","28.0","","0.0","","0.0","","0.0","","0.0","","0","","","","",""
"-119.45","50.06","OKANAGAN CENTRE","1125700","2021-02-11","2021","02","11","†","-10.0","","-13.0","","-11.5","","29.5","","0.0","","0.0","","0.0","","0.0","","0","","","","",""
"-119.45","50.06","OKANAGAN CENTRE","1125700","2021-02-12","2021","02","12","","","","","","","","","","","","","","","","","","","","","","",""
"-119.45","50.06","OKANAGAN CENTRE","1125700","2021-02-13","2021","02","13","†","-6.0","","-11.0","","-8.5","","26.5","","0.0","","0.0","","0.0","","0.0","","0","","","","",""
"-119.45","50.06","OKANAGAN CENTRE","1125700","2021-02-14","2021","02","14","†","-3.0","","-8.5","","-5.8","","23.8","","0.0","","0.0","","0.0","T","0.0","T","0","","","","",""
"-119.45","50.06","OKANAGAN CENTRE","1125700","2021-02-15","2021","02","15","†","-3.0","","-6.0","","-4.5","","22.5","","0.0","","0.0","","3.0","","3.0","","0","T","","","",""
"-119.45","50.06","OKANAGAN CENTRE","1125700","2021-02-16","2021","02","16","†","0.0","","-4.0","","-2.0","","20.0","","0.0","","0.0","","1.0","","1.0","","3","","","","",""
"-119.45","50.06","OKANAGAN CENTRE","1125700","2021-02-17","2021","02","17","†","5.0","","-2.0","","1.5","","16.5","","0.0","","0.0","","0.0","","0.0","","2","","","","",""
"-119.45","50.06","OKANAGAN CENTRE","1125700","2021-02-18","2021","02","18","","","","","","","","","","","","","","","","","","","","","","",""
"-119.45","50.06","OKANAGAN CENTRE","1125700","2021-02-19","2021","02","19","†","4.0","","-5.0","","-0.5","","18.5","","0.0","","0.0","","0.0","","0.0","","7","","","","",""
"-119.45","50.06","OKANAGAN CENTRE","1125700","2021-02-20","2021","02","20","†","8.0","","-1.0","","3.5","","14.5","","0.0","","0.0","","0.0","","0.0","","2","","","","",""
"-119.45","50.06","OKANAGAN CENTRE","1125700","2021-02-21","2021","02","21","†","9.5","","-1.0","","4.3","","13.7","","0.0","","0.0","","0.0","","0.0","","0","T","","","",""
"-119.45","50.06","OKANAGAN CENTRE","1125700","2021-02-22","2021","02","22","†","13.0","","7.0","","10.0","","8.0","","0.0","","0.0","","0.0","T","0.0","T","0","T","","","",""
"-119.45","50.06","OKANAGAN CENTRE","1125700","2021-02-23","2021","02","23","","","","","","","","","","","","","","","","","","","","","","",""
"-119.45","50.06","OKANAGAN CENTRE","1125700","2021-02-24","2021","02","24","†","7.5","","-1.0","","3.3","","14.7","","0.0","","0.0","","1.0","","1.0","","0","","","","",""
"-119.45","50.06","OKANAGAN CENTRE","1125700","2021-02-25","2021","02","25","†","8.0","","1.0","","4.5","","13.5","","0.0","","0.0","","0.0","T","0.0","T","1","","","","",""
"-119.45","50.06","OKANAGAN CENTRE","1125700","2021-02-26","2021","02","26","†","7.0","","1.5","","4.3","","13.7","","0.0","","0.0","","0.0","","0.0","","0","T","","","",""
"-119.45","50.06","OKANAGAN CENTRE","1125700","2021-02-27","2021","02","27","†","7.0","","0.0","","3.5","","14.5","","0.0","","0.0","","0.0","T","0.0","T","0","","","","",""
"-119.45","50.06","OKANAGAN CENTRE","1125700","2021-02-28","2021","02","28","†","5.5","","1.0","","3.3","","14.7","","0.0","","0.0","","0.0","","0.0","","0","T","","","",""
"-119.45","50.06","OKANAGAN CENTRE","1125700","2021-03-01","2021","03","01","†","12.0","","0.5","","6.3","","11.7","","0.0","","0.0","","0.0","","0.0","","0","","","","",""
"-119.45","50.06","OKANAGAN CENTRE","1125700","2021-03-02","2021","03","02","†","11.0","","5.0","","8.0","","10.0","","0.0","","0.0","","0.0","","0.0","","0","","","","",""
"-119.45","50.06","OKANAGAN CENTRE","1125700","2021-03-03","2021","03","03","†","7.5","","1.0","","4.3","","13.7","","0.0","","0.0","","0.0","","0.0","","0","","","","",""
"-119.45","50.06","OKANAGAN CENTRE","1125700","2021-03-04","2021","03","04","†","8.0","","-1.0","","3.5","","14.5","","0.0","","0.0","","0.0","","0.0","","0","","","","",""
"-119.45","50.06","OKANAGAN CENTRE","1125700","2021-03-05","2021","03","05","†","13.0","","2.0","","7.5","","10.5","","0.0","","0.0","","0.0","","0.0","","0","","","","",""
"-119.45","50.06","OKANAGAN CENTRE","1125700","2021-03-06","2021","03","06","†","13.0","","4.0","","8.5","","9.5","","0.0","","0.0","","0.0","","0.0","","0","","","","",""
"-119.45","50.06","OKANAGAN CENTRE","1125700","2021-03-07","2021","03","07","†","8.5","","1.0","","4.8","","13.2","","0.0","","0.0","","0.0","","0.0","","0","","","","",""
"-119.45","50.06","OKANAGAN CENTRE","1125700","2021-03-08","2021","03","08","†","8.0","","-2.0","","3.0","","15.0","","0.0","","0.0","","0.0","","0.0","","0","","","","",""
"-119.45","50.06","OKANAGAN CENTRE","1125700","2021-03-09","2021","03","09","†","10.0","","-2.0","","4.0","","14.0","","0.0","","0.0","","0.0","","0.0","","0","","","","",""
"-119.45","50.06","OKANAGAN CENTRE","1125700","2021-03-10","2021","03","10","","","","","","","","","","","","","","","","","","","","","","",""
"-119.45","50.06","OKANAGAN CENTRE","1125700","2021-03-11","2021","03","11","†","10.0","","-3.0","","3.5","","14.5","","0.0","","0.0","","0.0","","0.0","","0","","","","",""
"-119.45","50.06","OKANAGAN CENTRE","1125700","2021-03-12","2021","03","12","†","10.0","","2.5","","6.3","","11.7","","0.0","","0.0","","0.0","","0.0","","0","","","","",""
"-119.45","50.06","OKANAGAN CENTRE","1125700","2021-03-13","2021","03","13","†","9.5","","0.0","","4.8","","13.2","","0.0","","0.0","","0.0","","0.0","","0","","","","",""
"-119.45","50.06","OKANAGAN CENTRE","1125700","2021-03-14","2021","03","14","†","10.0","","1.0","","5.5","","12.5","","0.0","","0.0","","0.0","","0.0","","0","","","","",""
"-119.45","50.06","OKANAGAN CENTRE","1125700","2021-03-15","2021","03","15","†","9.0","","4.0","","6.5","","11.5","","0.0","","0.0","","0.0","","0.0","","0","","","","",""
"-119.45","50.06","OKANAGAN CENTRE","1125700","2021-03-16","2021","03","16","†","9.0","","-2.0","","3.5","","14.5","","0.0","","0.0","","0.0","","0.0","","0","","","","",""
"-119.45","50.06","OKANAGAN CENTRE","1125700","2021-03-17","2021","03","17","†","9.5","","-1.5","","4.0","","14.0","","0.0","","0.0","","0.0","","0.0","","0","","","","",""
"-119.45","50.06","OKANAGAN CENTRE","1125700","2021-03-18","2021","03","18","†","13.0","","1.5","","7.3","","10.7","","0.0","","1.0","","0.0","","1.0","","0","","","","",""
"-119.45","50.06","OKANAGAN CENTRE","1125700","2021-03-19","2021","03","19","†","14.0","","1.0","","7.5","","10.5","","0.0","","0.0","T","0.0","","0.0","T","0","","","","",""
"-119.45","50.06","OKANAGAN CENTRE","1125700","2021-03-20","2021","03","20","†","12.5","","3.0","","7.8","","10.2","","0.0","","0.8","","0.0","T","0.8","","0","","","","",""
"-119.45","50.06","OKANAGAN CENTRE","1125700","2021-03-21","2021","03","21","†","8.0","","6.0","","7.0","","11.0","","0.0","","0.0","","0.0","","0.0","","0","","","","",""
"-119.45","50.06","OKANAGAN CENTRE","1125700","2021-03-22","2021","03","22","†","9.5","","5.0","","7.3","","10.7","","0.0","","0.0","","0.0","","0.0","","0","","","","",""
"-119.45","50.06","OKANAGAN CENTRE","1125700","2021-03-23","2021","03","23","†","11.0","","-1.5","","4.8","","13.2","","0.0","","0.0","","0.0","","0.0","","0","","","","",""
"-119.45","50.06","OKANAGAN CENTRE","1125700","2021-03-24","2021","03","24","†","12.0","","5.5","","8.8","","9.2","","0.0","","1.0","","0.0","","1.0","","0","","","","",""
"-119.45","50.06","OKANAGAN CENTRE","1125700","2021-03-25","2021","03","25","†","13.0","","3.5","","8.3","","9.7","","0.0","","0.0","T","0.0","","0.0","T","0","","","","",""
"-119.45","50.06","OKANAGAN CENTRE","1125700","2021-03-26","2021","03","26","","","","","","","","","","","","","","","","","","","","","","",""
"-119.45","50.06","OKANAGAN CENTRE","1125700","2021-03-27","2021","03","27","†","15.5","","3.5","","9.5","","8.5","","0.0","","0.0","","0.0","","0.0","","0","","","","",""
"-119.45","50.06","OKANAGAN CENTRE","1125700","2021-03-28","2021","03","28","†","15.5","","11.0","","13.3","","4.7","","0.0","","0.0","","0.0","","0.0","","0","","","","",""
"-119.45","50.06","OKANAGAN CENTRE","1125700","2021-03-29","2021","03","29","","","","","","","","","","","","","","","","","","","","","","",""
"-119.45","50.06","OKANAGAN CENTRE","1125700","2021-03-30","2021","03","30","†","10.0","","-1.0","","4.5","","13.5","","0.0","","0.0","","0.0","","0.0","","0","","","","",""
"-119.45","50.06","OKANAGAN CENTRE","1125700","2021-03-31","2021","03","31","†","17.0","","-0.5","","8.3","","9.7","","0.0","","0.0","","0.0","","0.0","","0","","","","",""
"-119.45","50.06","OKANAGAN CENTRE","1125700","2021-04-01","2021","04","01","†","19.0","","5.0","","12.0","","6.0","","0.0","","0.0","","0.0","","0.0","","0","","","","",""
"-119.45","50.06","OKANAGAN CENTRE","1125700","2021-04-02","2021","04","02","","","","","","","","","","","","","","","","","","","","","","",""
"-119.45","50.06","OKANAGAN CENTRE","1125700","2021-04-03","2021","04","03","†","13.0","","5.0","","9.0","","9.0","","0.0","","0.0","","0.0","","0.0","","0","","","","",""
"-119.45","50.06","OKANAGAN CENTRE","1125700","2021-04-04","2021","04","04","†","13.0","","6.0","","9.5","","8.5","","0.0","","0.0","","0.0","","0.0","","0","","","","",""
"-119.45","50.06","OKANAGAN CENTRE","1125700","2021-04-05","2021","04","05","†","13.0","","1.0","","7.0","","11.0","","0.0","","0.0","","0.0","","0.0","","0","","","","",""
"-119.45","50.06","OKANAGAN CENTRE","1125700","2021-04-06","2021","04","06","†","17.5","","1.0","","9.3","","8.7","","0.0","","0.0","","0.0","","0.0","","0","","","","",""
"-119.45","50.06","OKANAGAN CENTRE","1125700","2021-04-07","2021","04","07","","","","","","","","","","","","","","","","","","","","","","",""
"-119.45","50.06","OKANAGAN CENTRE","1125700","2021-04-08","2021","04","08","†","11.0","","4.0","","7.5","","10.5","","0.0","","0.0","","0.0","","0.0","","0","","","","",""
"-119.45","50.06","OKANAGAN CENTRE","1125700","2021-04-09","2021","04","09","†","8.5","","5.0","","6.8","","11.2","","0.0","","0.0","T","0.0","","0.0","T","0","","","","",""
"-119.45","50.06","OKANAGAN CENTRE","1125700","2021-04-10","2021","04","10","†","10.0","","3.0","","6.5","","11.5","","0.0","","0.0","","0.0","T","0.0","T","0","","","","",""
"-119.45","50.06","OKANAGAN CENTRE","1125700","2021-04-11","2021","04","11","†","11.0","","-1.0","","5.0","","13.0","","0.0","","0.0","","0.0","","0.0","","0","","","","",""
"-119.45","50.06","OKANAGAN CENTRE","1125700","2021-04-12","2021","04","12","†","13.0","","1.0","","7.0","","11.0","","0.0","","0.0","","0.0","","0.0","","0","","","","",""
"-119.45","50.06","OKANAGAN CENTRE","1125700","2021-04-13","2021","04","13","†","15.0","","1.0","","8.0","","10.0","","0.0","","0.0","","0.0","","0.0","","0","","","","",""
"-119.45","50.06","OKANAGAN CENTRE","1125700","2021-04-14","2021","04","14","†","19.0","","2.0","","10.5","","7.5","","0.0","","0.0","","0.0","","0.0","","0","","","","",""
"-119.45","50.06","OKANAGAN CENTRE","1125700","2021-04-15","2021","04","15","†","23.0","","3.5","","13.3","","4.7","","0.0","","0.0","","0.0","","0.0","","0","","","","",""
"-119.45","50.06","OKANAGAN CENTRE","1125700","2021-04-16","2021","04","16","†","21.0","","5.0","","13.0","","5.0","","0.0","","0.0","","0.0","","0.0","","0","","","","",""
"-119.45","50.06","OKANAGAN CENTRE","1125700","2021-04-17","2021","04","17","†","22.5","","6.0","","14.3","","3.7","","0.0","","0.0","","0.0","","0.0","","0","","","","",""
"-119.45","50.06","OKANAGAN CENTRE","1125700","2021-04-18","2021","04","18","†","20.5","","7.0","","13.8","","4.2","","0.0","","0.0","","0.0","","0.0","","0","","","","",""
"-119.45","50.06","OKANAGAN CENTRE","1125700","2021-04-19","2021","04","19","†","17.0","","4.0","","10.5","","7.5","","0.0","","0.0","","0.0","","0.0","","0","","","","",""
"-119.45","50.06","OKANAGAN CENTRE","1125700","2021-04-20","2021","04","20","†","18.5","","3.0","","10.8","","7.2","","0.0","","0.0","","0.0","","0.0","","0","","","","",""
"-119.45","50.06","OKANAGAN CENTRE","1125700","2021-04-21","2021","04","21","†","19.0","","5.0","","12.0","","6.0","","0.0","","0.0","","0.0","","0.0","","0","","","","",""
"-119.45","50.06","OKANAGAN CENTRE","1125700","2021-04-22","2021","04","22","†","16.0","","10.0","","13.0","","5.0","","0.0","","0.0","","0.0","","0.0","","0","","","","",""
"-119.45","50.06","OKANAGAN CENTRE","1125700","2021-04-23","2021","04","23","†","15.0","","2.5","","8.8","","9.2","","0.0","","0.0","","0.0","","0.0","","0","","","","",""
"-119.45","50.06","OKANAGAN CENTRE","1125700","2021-04-24","2021","04","24","†","15.5","","7.0","","11.3","","6.7","","0.0","","0.8","","0.0","","0.8","","0","","","","",""
"-119.45","50.06","OKANAGAN CENTRE","1125700","2021-04-25","2021","04","25","†","15.0","","8.0","","11.5","","6.5","","0.0","","0.0","","0.0","","0.0","","0","","","","",""
"-119.45","50.06","OKANAGAN CENTRE","1125700","2021-04-26","2021","04","26","†","18.5","","4.5","","11.5","","6.5","","0.0","","0.0","","0.0","","0.0","","0","","","","",""
"-119.45","50.06","OKANAGAN CENTRE","1125700","2021-04-27","2021","04","27","†","16.0","","6.5","","11.3","","6.7","","0.0","","0.0","","0.0","","0.0","","0","","","","",""
"-119.45","50.06","OKANAGAN CENTRE","1125700","2021-04-28","2021","04","28","†","21.5","","8.0","","14.8","","3.2","","0.0","","3.0","","0.0","","3.0","","0","","","","",""
"-119.45","50.06","OKANAGAN CENTRE","1125700","2021-04-29","2021","04","29","†","16.5","","9.0","","12.8","","5.2","","0.0","","0.4","","0.0","","0.4","","0","","","","",""
"-119.45","50.06","OKANAGAN CENTRE","1125700","2021-04-30","2021","04","30","†","21.5","","9.0","","15.3","","2.7","","0.0","","0.0","T","0.0","","0.0","T","0","","","","",""
"-119.45","50.06","OKANAGAN CENTRE","1125700","2021-05-01","2021","05","01","†","17.0","","10.0","","13.5","","4.5","","0.0","","0.3","","0.0","","0.3","","0","","","","",""
"-119.45","50.06","OKANAGAN CENTRE","1125700","2021-05-02","2021","05","02","†","18.5","","4.0","","11.3","","6.7","","0.0","","0.0","","0.0","","0.0","","0","","","","",""
"-119.45","50.06","OKANAGAN CENTRE","1125700","2021-05-03","2021","05","03","†","15.5","","6.5","","11.0","","7.0","","0.0","","0.0","","0.0","","0.0","","0","","","","",""
"-119.45","50.06","OKANAGAN CENTRE","1125700","2021-05-04","2021","05","04","†","18.0","","8.0","","13.0","","5.0","","0.0","","0.0","","0.0","","0.0","","0","","","","",""
"-119.45","50.06","OKANAGAN CENTRE","1125700","2021-05-05","2021","05","05","†","19.0","","5.0","","12.0","","6.0","","0.0","","0.0","","0.0","","0.0","","0","","","","",""
"-119.45","50.06","OKANAGAN CENTRE","1125700","2021-05-06","2021","05","06","†","19.0","","9.0","","14.0","","4.0","","0.0","","0.0","","0.0","","0.0","","0","","","","",""
"-119.45","50.06","OKANAGAN CENTRE","1125700","2021-05-07","2021","05","07","†","16.0","","10.0","","13.0","","5.0","","0.0","","0.0","T","0.0","","0.0","T","0","","","","",""
"-119.45","50.06","OKANAGAN CENTRE","1125700","2021-05-08","2021","05","08","†","18.5","","6.5","","12.5","","5.5","","0.0","","0.0","","0.0","","0.0","","0","","","","",""
"-119.45","50.06","OKANAGAN CENTRE","1125700","2021-05-09","2021","05","09","†","18.0","","6.0","","12.0","","6.0","","0.0","","0.0","","0.0","","0.0","","0","","","","",""
"-119.45","50.06","OKANAGAN CENTRE","1125700","2021-05-10","2021","05","10","†","19.5","","6.5","","13.0","","5.0","","0.0","","0.0","T","0.0","","0.0","T","0","","","","",""
"-119.45","50.06","OKANAGAN CENTRE","1125700","2021-05-11","2021","05","11","†","20.5","","5.5","","13.0","","5.0","","0.0","","1.0","","0.0","","1.0","","0","","","","",""
"-119.45","50.06","OKANAGAN CENTRE","1125700","2021-05-12","2021","05","12","†","14.0","","8.5","","11.3","","6.7","","0.0","","1.8","","0.0","","1.8","","0","","","","",""
"-119.45","50.06","OKANAGAN CENTRE","1125700","2021-05-13","2021","05","13","†","21.5","","9.0","","15.3","","2.7","","0.0","","0.0","T","0.0","","0.0","T","0","","","","",""
"-119.45","50.06","OKANAGAN CENTRE","1125700","2021-05-14","2021","05","14","†","24.5","","8.5","","16.5","","1.5","","0.0","","0.0","","0.0","","0.0","","0","","","","",""
"-119.45","50.06","OKANAGAN CENTRE","1125700","2021-05-15","2021","05","15","†","27.0","","11.5","","19.3","","0.0","","1.3","","0.0","","0.0","","0.0","","0","","","","",""
"-119.45","50.06","OKANAGAN CENTRE","1125700","2021-05-16","2021","05","16","","","","","","","","","","","","","","","","","","","","","","",""
"-119.45","50.06","OKANAGAN CENTRE","1125700","2021-05-17","2021","05","17","†","23.0","","16.0","","19.5","","0.0","","1.5","","0.0","","0.0","","0.0","","0","","","","",""
"-119.45","50.06","OKANAGAN CENTRE","1125700","2021-05-18","2021","05","18","","","","","","","","","","","","","","","","","","","","","","",""
"-119.45","50.06","OKANAGAN CENTRE","1125700","2021-05-19","2021","05","19","†","17.0","","3.5","","10.3","","7.7","","0.0","","0.0","","0.0","","0.0","","0","","","","",""
"-119.45","50.06","OKANAGAN CENTRE","1125700","2021-05-20","2021","05","20","†","19.0","","6.5","","12.8","","5.2","","0.0","","0.0","","0.0","","0.0","","0","","","","",""
"-119.45","50.06","OKANAGAN CENTRE","1125700","2021-05-21","2021","05","21","†","21.5","","7.5","","14.5","","3.5","","0.0","","0.0","","0.0","","0.0","","0","","","","",""
"-119.45","50.06","OKANAGAN CENTRE","1125700","2021-05-22","2021","05","22","†","24.0","","8.0","","16.0","","2.0","","0.0","","0.0","","0.0","","0.0","","0","","","","",""
"-119.45","50.06","OKANAGAN CENTRE","1125700","2021-05-23","2021","05","23","†","23.0","","11.0","","17.0","","1.0","","0.0","","0.0","","0.0","","0.0","","0","","","","",""
"-119.45","50.06","OKANAGAN CENTRE","1125700","2021-05-24","2021","05","24","†","22.0","","15.0","","18.5","","0.0","","0.5","","0.0","T","0.0","","0.0","T","0","","","","",""
"-119.45","50.06","OKANAGAN CENTRE","1125700","2021-05-25","2021","05","25","†","22.0","","12.0","","17.0","","1.0","","0.0","","8.4","","0.0","","8.4","","0","","","","",""
"-119.45","50.06","OKANAGAN CENTRE","1125700","2021-05-26","2021","05","26","†","25.0","","9.0","","17.0","","1.0","","0.0","","0.0","T","0.0","","0.0","T","0","","","","",""
"-119.45","50.06","OKANAGAN CENTRE","1125700","2021-05-27","2021","05","27","†","20.5","","15.0","","17.8","","0.2","","0.0","","1.0","","0.0","","1.0","","0","","","","",""
"-119.45","50.06","OKANAGAN CENTRE","1125700","2021-05-28","2021","05","28","†","19.0","","10.0","","14.5","","3.5","","0.0","","1.2","","0.0","","1.2","","0","","","","",""
"-119.45","50.06","OKANAGAN CENTRE","1125700","2021-05-29","2021","05","29","†","23.0","","6.0","","14.5","","3.5","","0.0","","0.0","","0.0","","0.0","","0","","","","",""
"-119.45","50.06","OKANAGAN CENTRE","1125700","2021-05-30","2021","05","30","†","24.0","","10.0","","17.0","","1.0","","0.0","","0.0","","0.0","","0.0","","0","","","","",""
"-119.45","50.06","OKANAGAN CENTRE","1125700","2021-05-31","2021","05","31","†","27.5","","12.5","","20.0","","0.0","","2.0","","0.0","","0.0","","0.0","","0","","","","",""
"-119.45","50.06","OKANAGAN CENTRE","1125700","2021-06-01","2021","06","01","†","31.5","","17.0","","24.3","","0.0","","6.3","","0.0","","0.0","","0.0","","0","","","","",""
"-119.45","50.06","OKANAGAN CENTRE","1125700","2021-06-02","2021","06","02","†","34.0","","17.0","","25.5","","0.0","","7.5","","0.0","","0.0","","0.0","","0","","","","",""
"-119.45","50.06","OKANAGAN CENTRE","1125700","2021-06-03","2021","06","03","†","31.0","","18.0","","24.5","","0.0","","6.5","","0.0","","0.0","","0.0","","0","","","","",""
"-119.45","50.06","OKANAGAN CENTRE","1125700","2021-06-04","2021","06","04","†","28.0","","17.5","","22.8","","0.0","","4.8","","0.4","","0.0","","0.4","","0","","","","",""
"-119.45","50.06","OKANAGAN CENTRE","1125700","2021-06-05","2021","06","05","†","21.5","","13.0","","17.3","","0.7","","0.0","","0.0","T","0.0","","0.0","T","0","","","","",""
"-119.45","50.06","OKANAGAN CENTRE","1125700","2021-06-06","2021","06","06","†","17.0","","10.0","","13.5","","4.5","","0.0","","0.0","","0.0","","0.0","","0","","","","",""
"-119.45","50.06","OKANAGAN CENTRE","1125700","2021-06-07","2021","06","07","†","18.0","","8.0","","13.0","","5.0","","0.0","","0.0","","0.0","","0.0","","0","","","","",""
"-119.45","50.06","OKANAGAN CENTRE","1125700","2021-06-08","2021","06","08","†","21.0","","7.5","","14.3","","3.7","","0.0","","0.0","","0.0","","0.0","","0","","","","",""
"-119.45","50.06","OKANAGAN CENTRE","1125700","2021-06-09","2021","06","09","†","22.0","","11.0","","16.5","","1.5","","0.0","","0.0","","0.0","","0.0","","0","","","","",""
"-119.45","50.06","OKANAGAN CENTRE","1125700","2021-06-10","2021","06","10","†","23.0","","10.5","","16.8","","1.2","","0.0","","0.0","T","0.0","","0.0","T","0","","","","",""
"-119.45","50.06","OKANAGAN CENTRE","1125700","2021-06-11","2021","06","11","†","18.0","","9.0","","13.5","","4.5","","0.0","","1.2","","0.0","","1.2","","0","","","","",""
"-119.45","50.06","OKANAGAN CENTRE","1125700","2021-06-12","2021","06","12","†","26.0","","12.5","","19.3","","0.0","","1.3","","1.0","","0.0","","1.0","","0","","","","",""
"-119.45","50.06","OKANAGAN CENTRE","1125700","2021-06-13","2021","06","13","†","21.0","","15.0","","18.0","","0.0","","0.0","","8.4","","0.0","","8.4","","0","","","","",""
"-119.45","50.06","OKANAGAN CENTRE","1125700","2021-06-14","2021","06","14","†","23.0","","15.0","","19.0","","0.0","","1.0","","4.6","","0.0","","4.6","","0","","","","",""
"-119.45","50.06","OKANAGAN CENTRE","1125700","2021-06-15","2021","06","15","†","23.0","","14.0","","18.5","","0.0","","0.5","","0.0","T","0.0","","0.0","T","0","","","","",""
"-119.45","50.06","OKANAGAN CENTRE","1125700","2021-06-16","2021","06","16","","","","","","","","","","","","","","","","","","","","","","",""
"-119.45","50.06","OKANAGAN CENTRE","1125700","2021-06-17","2021","06","17","†","27.0","","12.0","","19.5","","0.0","","1.5","","0.0","","0.0","","0.0","","0","","","","",""
"-119.45","50.06","OKANAGAN CENTRE","1125700","2021-06-18","2021","06","18","†","29.5","","15.5","","22.5","","0.0","","4.5","","0.0","","0.0","","0.0","","0","","","","",""
"-119.45","50.06","OKANAGAN CENTRE","1125700","2021-06-19","2021","06","19","†","22.0","","16.0","","19.0","","0.0","","1.0","","0.0","T","0.0","","0.0","T","0","","","","",""
"-119.45","50.06","OKANAGAN CENTRE","1125700","2021-06-20","2021","06","20","†","30.0","","13.0","","21.5","","0.0","","3.5","","0.0","","0.0","","0.0","","0","","","","",""
"-119.45","50.06","OKANAGAN CENTRE","1125700","2021-06-21","2021","06","21","†","30.5","","16.5","","23.5","","0.0","","5.5","","0.0","","0.0","","0.0","","0","","","","",""
"-119.45","50.06","OKANAGAN CENTRE","1125700","2021-06-22","2021","06","22","†","35.0","","19.0","","27.0","","0.0","","9.0","","0.0","","0.0","","0.0","","0","","","","",""
"-119.45","50.06","OKANAGAN CENTRE","1125700","2021-06-23","2021","06","23","†","32.0","","19.0","","25.5","","0.0","","7.5","","0.4","","0.0","","0.4","","0","","","","",""
"-119.45","50.06","OKANAGAN CENTRE","1125700","2021-06-24","2021","06","24","†","30.0","","21.0","","25.5","","0.0","","7.5","","0.0","","0.0","","0.0","","0","","","","",""
"-119.45","50.06","OKANAGAN CENTRE","1125700","2021-06-25","2021","06","25","","","","","","","","","","","","","","","","","","","","","","",""
"-119.45","50.06","OKANAGAN CENTRE","1125700","2021-06-26","2021","06","26","","","","","","","","","","","","","","","","","","","","","","",""
"-119.45","50.06","OKANAGAN CENTRE","1125700","2021-06-27","2021","06","27","†","39.0","","22.0","","30.5","","0.0","","12.5","","0.0","","0.0","","0.0","","0","","","","",""
"-119.45","50.06","OKANAGAN CENTRE","1125700","2021-06-28","2021","06","28","†","40.0","","23.0","","31.5","","0.0","","13.5","","0.0","","0.0","","0.0","","0","","","","",""
"-119.45","50.06","OKANAGAN CENTRE","1125700","2021-06-29","2021","06","29","†","42.0","","25.0","","33.5","","0.0","","15.5","","0.0","","0.0","","0.0","","0","","","","",""
"-119.45","50.06","OKANAGAN CENTRE","1125700","2021-06-30","2021","06","30","†","44.0","","26.0","","35.0","","0.0","","17.0","","0.0","","0.0","","0.0","","0","","","","",""
"-119.45","50.06","OKANAGAN CENTRE","1125700","2021-07-01","2021","07","01","†","39.5","","27.0","","33.3","","0.0","","15.3","","0.0","T","0.0","","0.0","T","0","","","","",""
"-119.45","50.06","OKANAGAN CENTRE","1125700","2021-07-02","2021","07","02","†","39.5","","22.0","","30.8","","0.0","","12.8","","0.0","","0.0","","0.0","","0","","","","",""
"-119.45","50.06","OKANAGAN CENTRE","1125700","2021-07-03","2021","07","03","†","39.5","","23.0","","31.3","","0.0","","13.3","","0.0","","0.0","","0.0","","0","","","","",""
"-119.45","50.06","OKANAGAN CENTRE","1125700","2021-07-04","2021","07","04","†","33.0","","21.0","","27.0","","0.0","","9.0","","0.0","","0.0","","0.0","","0","","","","",""
"-119.45","50.06","OKANAGAN CENTRE","1125700","2021-07-05","2021","07","05","†","30.0","","21.0","","25.5","","0.0","","7.5","","0.0","","0.0","","0.0","","0","","","","",""
"-119.45","50.06","OKANAGAN CENTRE","1125700","2021-07-06","2021","07","06","†","34.0","","19.0","","26.5","","0.0","","8.5","","0.0","","0.0","","0.0","","0","","","","",""
"-119.45","50.06","OKANAGAN CENTRE","1125700","2021-07-07","2021","07","07","†","28.5","","19.5","","24.0","","0.0","","6.0","","2.6","","0.0","","2.6","","0","","","","",""
"-119.45","50.06","OKANAGAN CENTRE","1125700","2021-07-08","2021","07","08","†","29.0","","16.0","","22.5","","0.0","","4.5","","0.0","","0.0","","0.0","","0","","","","",""
"-119.45","50.06","OKANAGAN CENTRE","1125700","2021-07-09","2021","07","09","†","33.0","","19.0","","26.0","","0.0","","8.0","","0.0","","0.0","","0.0","","0","","","","",""
"-119.45","50.06","OKANAGAN CENTRE","1125700","2021-07-10","2021","07","10","†","36.0","","19.5","","27.8","","0.0","","9.8","","0.0","","0.0","","0.0","","0","","","","",""
"-119.45","50.06","OKANAGAN CENTRE","1125700","2021-07-11","2021","07","11","†","33.5","","21.5","","27.5","","0.0","","9.5","","0.0","","0.0","","0.0","","0","","","","",""
"-119.45","50.06","OKANAGAN CENTRE","1125700","2021-07-12","2021","07","12","†","34.0","","19.0","","26.5","","0.0","","8.5","","0.0","","0.0","","0.0","","0","","","","",""
"-119.45","50.06","OKANAGAN CENTRE","1125700","2021-07-13","2021","07","13","†","34.0","","19.0","","26.5","","0.0","","8.5","","0.0","","0.0","","0.0","","0","","","","",""
"-119.45","50.06","OKANAGAN CENTRE","1125700","2021-07-14","2021","07","14","†","35.0","","21.0","","28.0","","0.0","","10.0","","0.0","","0.0","","0.0","","0","","","","",""
"-119.45","50.06","OKANAGAN CENTRE","1125700","2021-07-15","2021","07","15","†","32.0","","21.0","","26.5","","0.0","","8.5","","0.0","","0.0","","0.0","","0","","","","",""
"-119.45","50.06","OKANAGAN CENTRE","1125700","2021-07-16","2021","07","16","†","33.5","","19.5","","26.5","","0.0","","8.5","","0.0","","0.0","","0.0","","0","","","","",""
"-119.45","50.06","OKANAGAN CENTRE","1125700","2021-07-17","2021","07","17","†","32.0","","17.5","","24.8","","0.0","","6.8","","0.0","","0.0","","0.0","","0","","","","",""
"-119.45","50.06","OKANAGAN CENTRE","1125700","2021-07-18","2021","07","18","†","34.0","","19.0","","26.5","","0.0","","8.5","","0.0","","0.0","","0.0","","0","","","","",""
"-119.45","50.06","OKANAGAN CENTRE","1125700","2021-07-19","2021","07","19","†","32.0","","18.5","","25.3","","0.0","","7.3","","0.0","","0.0","","0.0","","0","","","","",""
"-119.45","50.06","OKANAGAN CENTRE","1125700","2021-07-20","2021","07","20","†","30.5","","20.5","","25.5","","0.0","","7.5","","0.0","","0.0","","0.0","","0","","","","",""
"-119.45","50.06","OKANAGAN CENTRE","1125700","2021-07-21","2021","07","21","†","29.0","","18.0","","23.5","","0.0","","5.5","","0.0","","0.0","","0.0","","0","","","","",""
"-119.45","50.06","OKANAGAN CENTRE","1125700","2021-07-22","2021","07","22","†","26.0","","15.0","","20.5","","0.0","","2.5","","0.0","","0.0","","0.0","","0","","","","",""
"-119.45","50.06","OKANAGAN CENTRE","1125700","2021-07-23","2021","07","23","†","28.0","","17.0","","22.5","","0.0","","4.5","","0.0","","0.0","","0.0","","0","","","","",""
"-119.45","50.06","OKANAGAN CENTRE","1125700","2021-07-24","2021","07","24","†","31.0","","17.5","","24.3","","0.0","","6.3","","0.0","","0.0","","0.0","","0","","","","",""
"-119.45","50.06","OKANAGAN CENTRE","1125700","2021-07-25","2021","07","25","†","33.5","","20.0","","26.8","","0.0","","8.8","","0.0","","0.0","","0.0","","0","","","","",""
"-119.45","50.06","OKANAGAN CENTRE","1125700","2021-07-26","2021","07","26","†","33.0","","19.0","","26.0","","0.0","","8.0","","0.0","","0.0","","0.0","","0","","","","",""
"-119.45","50.06","OKANAGAN CENTRE","1125700","2021-07-27","2021","07","27","","","","","","","","","","","","","","","","","","","","","","",""
"-119.45","50.06","OKANAGAN CENTRE","1125700","2021-07-28","2021","07","28","†","31.0","","18.0","","24.5","","0.0","","6.5","","0.0","","0.0","","0.0","","0","","","","",""
"-119.45","50.06","OKANAGAN CENTRE","1125700","2021-07-29","2021","07","29","†","32.0","","19.0","","25.5","","0.0","","7.5","","0.0","","0.0","","0.0","","0","","","","",""
"-119.45","50.06","OKANAGAN CENTRE","1125700","2021-07-30","2021","07","30","","","","","","","","","","","","","","","","","","","","","","",""
"-119.45","50.06","OKANAGAN CENTRE","1125700","2021-07-31","2021","07","31","†","29.0","","20.0","","24.5","","0.0","","6.5","","1.6","","0.0","","1.6","","0","","","","",""
"-119.45","50.06","OKANAGAN CENTRE","1125700","2021-08-01","2021","08","01","†","23.0","","21.0","","22.0","","0.0","","4.0","","3.4","","0.0","","3.4","","0","","","","",""
"-119.45","50.06","OKANAGAN CENTRE","1125700","2021-08-02","2021","08","02","†","27.0","","20.0","","23.5","","0.0","","5.5","","0.0","","0.0","","0.0","","0","","","","",""
"-119.45","50.06","OKANAGAN CENTRE","1125700","2021-08-03","2021","08","03","†","34.0","","18.0","","26.0","","0.0","","8.0","","0.0","","0.0","","0.0","","0","","","","",""
"-119.45","50.06","OKANAGAN CENTRE","1125700","2021-08-04","2021","08","04","†","31.0","","22.0","","26.5","","0.0","","8.5","","0.0","","0.0","","0.0","","0","","","","",""
"-119.45","50.06","OKANAGAN CENTRE","1125700","2021-08-05","2021","08","05","†","35.5","","18.5","","27.0","","0.0","","9.0","","0.0","","0.0","","0.0","","0","","","","",""
"-119.45","50.06","OKANAGAN CENTRE","1125700","2021-08-06","2021","08","06","†","30.0","","23.0","","26.5","","0.0","","8.5","","1.0","","0.0","","1.0","","0","","","","",""
"-119.45","50.06","OKANAGAN CENTRE","1125700","2021-08-07","2021","08","07","†","23.0","","17.0","","20.0","","0.0","","2.0","","3.0","","0.0","","3.0","","0","","","","",""
"-119.45","50.06","OKANAGAN CENTRE","1125700","2021-08-08","2021","08","08","†","22.0","","13.0","","17.5","","0.5","","0.0","","0.8","","0.0","","0.8","","0","","","","",""
"-119.45","50.06","OKANAGAN CENTRE","1125700","2021-08-09","2021","08","09","†","29.0","","15.0","","22.0","","0.0","","4.0","","0.0","","0.0","","0.0","","0","","","","",""
"-119.45","50.06","OKANAGAN CENTRE","1125700","2021-08-10","2021","08","10","†","30.0","","19.5","","24.8","","0.0","","6.8","","0.0","","0.0","","0.0","","0","","","","",""
"-119.45","50.06","OKANAGAN CENTRE","1125700","2021-08-11","2021","08","11","†","33.5","","19.0","","26.3","","0.0","","8.3","","0.0","","0.0","","0.0","","0","","","","",""
"-119.45","50.06","OKANAGAN CENTRE","1125700","2021-08-12","2021","08","12","†","30.0","","20.0","","25.0","","0.0","","7.0","","0.0","","0.0","","0.0","","0","","","","",""
"-119.45","50.06","OKANAGAN CENTRE","1125700","2021-08-13","2021","08","13","†","28.0","","17.0","","22.5","","0.0","","4.5","","0.0","","0.0","","0.0","","0","","","","",""
"-119.45","50.06","OKANAGAN CENTRE","1125700","2021-08-14","2021","08","14","†","30.5","","18.0","","24.3","","0.0","","6.3","","0.0","","0.0","","0.0","","0","","","","",""
"-119.45","50.06","OKANAGAN CENTRE","1125700","2021-08-15","2021","08","15","†","37.0","","23.0","","30.0","","0.0","","12.0","","0.0","","0.0","","0.0","","0","","","","",""
"-119.45","50.06","OKANAGAN CENTRE","1125700","2021-08-16","2021","08","16","†","25.5","","15.0","","20.3","","0.0","","2.3","","4.8","","0.0","","4.8","","0","","","","",""
"-119.45","50.06","OKANAGAN CENTRE","1125700","2021-08-17","2021","08","17","†","19.0","","15.5","","17.3","","0.7","","0.0","","0.0","","0.0","","0.0","","0","","","","",""
"-119.45","50.06","OKANAGAN CENTRE","1125700","2021-08-18","2021","08","18","†","25.0","","12.5","","18.8","","0.0","","0.8","","0.0","","0.0","","0.0","","0","","","","",""
"-119.45","50.06","OKANAGAN CENTRE","1125700","2021-08-19","2021","08","19","†","28.0","","20.0","","24.0","","0.0","","6.0","","0.0","","0.0","","0.0","","0","","","","",""
"-119.45","50.06","OKANAGAN CENTRE","1125700","2021-08-20","2021","08","20","†","26.0","","16.0","","21.0","","0.0","","3.0","","0.0","","0.0","","0.0","","0","","","","",""
"-119.45","50.06","OKANAGAN CENTRE","1125700","2021-08-21","2021","08","21","†","25.0","","17.0","","21.0","","0.0","","3.0","","0.0","T","0.0","","0.0","T","0","","","","",""
"-119.45","50.06","OKANAGAN CENTRE","1125700","2021-08-22","2021","08","22","†","22.5","","16.0","","19.3","","0.0","","1.3","","0.0","","0.0","","0.0","","0","","","","",""
"-119.45","50.06","OKANAGAN CENTRE","1125700","2021-08-23","2021","08","23","†","20.0","","11.0","","15.5","","2.5","","0.0","","0.0","","0.0","","0.0","","0","","","","",""
"-119.45","50.06","OKANAGAN CENTRE","1125700","2021-08-24","2021","08","24","†","24.0","","9.5","","16.8","","1.2","","0.0","","0.0","","0.0","","0.0","","0","","","","",""
"-119.45","50.06","OKANAGAN CENTRE","1125700","2021-08-25","2021","08","25","†","25.0","","12.0","","18.5","","0.0","","0.5","","0.0","","0.0","","0.0","","0","","","","",""
"-119.45","50.06","OKANAGAN CENTRE","1125700","2021-08-26","2021","08","26","†","24.0","","16.0","","20.0","","0.0","","2.0","","3.4","","0.0","","3.4","","0","","","","",""
"-119.45","50.06","OKANAGAN CENTRE","1125700","2021-08-27","2021","08","27","†","22.0","","13.0","","17.5","","0.5","","0.0","","1.8","","0.0","","1.8","","0","","","","",""
"-119.45","50.06","OKANAGAN CENTRE","1125700","2021-08-28","2021","08","28","†","24.0","","12.0","","18.0","","0.0","","0.0","","0.0","","0.0","","0.0","","0","","","","",""
"-119.45","50.06","OKANAGAN CENTRE","1125700","2021-08-29","2021","08","29","†","29.0","","13.0","","21.0","","0.0","","3.0","","0.0","","0.0","","0.0","","0","","","","",""
"-119.45","50.06","OKANAGAN CENTRE","1125700","2021-08-30","2021","08","30","†","28.0","","15.0","","21.5","","0.0","","3.5","","0.2","","0.0","","0.2","","0","","","","",""
"-119.45","50.06","OKANAGAN CENTRE","1125700","2021-08-31","2021","08","31","†","14.5","","13.0","","13.8","","4.2","","0.0","","8.6","","0.0","","8.6","","0","","","","",""
"-119.45","50.06","OKANAGAN CENTRE","1125700","2021-09-01","2021","09","01","†","20.0","","12.0","","16.0","","2.0","","0.0","","0.0","","0.0","","0.0","","0","","","","",""
"-119.45","50.06","OKANAGAN CENTRE","1125700","2021-09-02","2021","09","02","†","23.0","","10.0","","16.5","","1.5","","0.0","","0.0","","0.0","","0.0","","0","","","","",""
"-119.45","50.06","OKANAGAN CENTRE","1125700","2021-09-03","2021","09","03","†","24.0","","11.0","","17.5","","0.5","","0.0","","0.0","","0.0","","0.0","","0","","","","",""
"-119.45","50.06","OKANAGAN CENTRE","1125700","2021-09-04","2021","09","04","†","21.0","","13.0","","17.0","","1.0","","0.0","","0.0","T","0.0","","0.0","T","0","","","","",""
"-119.45","50.06","OKANAGAN CENTRE","1125700","2021-09-05","2021","09","05","†","21.0","","14.0","","17.5","","0.5","","0.0","","0.0","","0.0","","0.0","","0","","","","",""
"-119.45","50.06","OKANAGAN CENTRE","1125700","2021-09-06","2021","09","06","†","26.0","","15.0","","20.5","","0.0","","2.5","","0.0","","0.0","","0.0","","0","","","","",""
"-119.45","50.06","OKANAGAN CENTRE","1125700","2021-09-07","2021","09","07","†","27.0","","13.0","","20.0","","0.0","","2.0","","0.0","","0.0","","0.0","","0","","","","",""
"-119.45","50.06","OKANAGAN CENTRE","1125700","2021-09-08","2021","09","08","†","22.0","","17.0","","19.5","","0.0","","1.5","","0.0","T","0.0","","0.0","T","0","","","","",""
"-119.45","50.06","OKANAGAN CENTRE","1125700","2021-09-09","2021","09","09","†","26.0","","15.0","","20.5","","0.0","","2.5","","0.0","","0.0","","0.0","","0","","","","",""
"-119.45","50.06","OKANAGAN CENTRE","1125700","2021-09-10","2021","09","10","†","21.0","","15.0","","18.0","","0.0","","0.0","","0.0","","0.0","","0.0","","0","","","","",""
"-119.45","50.06","OKANAGAN CENTRE","1125700","2021-09-11","2021","09","11","†","26.0","","17.0","","21.5","","0.0","","3.5","","3.0","","0.0","","3.0","","0","","","","",""
"-119.45","50.06","OKANAGAN CENTRE","1125700","2021-09-12","2021","09","12","†","25.0","","14.0","","19.5","","0.0","","1.5","","1.0","","0.0","","1.0","","0","","","","",""
"-119.45","50.06","OKANAGAN CENTRE","1125700","2021-09-13","2021","09","13","†","24.0","","15.0","","19.5","","0.0","","1.5","","0.0","","0.0","","0.0","","0","","","","",""
"-119.45","50.06","OKANAGAN CENTRE","1125700","2021-09-14","2021","09","14","†","17.0","","12.0","","14.5","","3.5","","0.0","","2.0","","0.0","","2.0","","0","","","","",""
"-119.45","50.06","OKANAGAN CENTRE","1125700","2021-09-15","2021","09","15","†","14.0","","11.0","","12.5","","5.5","","0.0","","0.0","T","0.0","","0.0","T","0","","","","",""
"-119.45","50.06","OKANAGAN CENTRE","1125700","2021-09-16","2021","09","16","†","19.0","","6.0","","12.5","","5.5","","0.0","","0.0","","0.0","","0.0","","0","","","","",""
"-119.45","50.06","OKANAGAN CENTRE","1125700","2021-09-17","2021","09","17","†","14.0","","11.0","","12.5","","5.5","","0.0","","4.6","","0.0","","4.6","","0","","","","",""
"-119.45","50.06","OKANAGAN CENTRE","1125700","2021-09-18","2021","09","18","†","20.0","","11.0","","15.5","","2.5","","0.0","","2.6","","0.0","","2.6","","0","","","","",""
"-119.45","50.06","OKANAGAN CENTRE","1125700","2021-09-19","2021","09","19","†","15.0","","9.0","","12.0","","6.0","","0.0","","5.0","","0.0","","5.0","","0","","","","",""
"-119.45","50.06","OKANAGAN CENTRE","1125700","2021-09-20","2021","09","20","†","22.0","","10.0","","16.0","","2.0","","0.0","","0.0","T","0.0","","0.0","T","0","","","","",""
"-119.45","50.06","OKANAGAN CENTRE","1125700","2021-09-21","2021","09","21","†","21.0","","9.0","","15.0","","3.0","","0.0","","0.0","","0.0","","0.0","","0","","","","",""
"-119.45","50.06","OKANAGAN CENTRE","1125700","2021-09-22","2021","09","22","†","17.0","","13.0","","15.0","","3.0","","0.0","","1.0","","0.0","","1.0","","0","","","","",""
"-119.45","50.06","OKANAGAN CENTRE","1125700","2021-09-23","2021","09","23","†","20.0","","11.0","","15.5","","2.5","","0.0","","0.0","","0.0","","0.0","","0","","","","",""
"-119.45","50.06","OKANAGAN CENTRE","1125700","2021-09-24","2021","09","24","","","","","","","","","","","","","","","","","","","","","","",""
"-119.45","50.06","OKANAGAN CENTRE","1125700","2021-09-25","2021","09","25","†","28.0","","12.0","","20.0","","0.0","","2.0","","0.0","","0.0","","0.0","","0","","","","",""
"-119.45","50.06","OKANAGAN CENTRE","1125700","2021-09-26","2021","09","26","†","21.0","","14.0","","17.5","","0.5","","0.0","","2.6","","0.0","","2.6","","0","","","","",""
"-119.45","50.06","OKANAGAN CENTRE","1125700","2021-09-27","2021","09","27","†","19.0","","13.0","","16.0","","2.0","","0.0","","0.4","","0.0","","0.4","","0","","","","",""
"-119.45","50.06","OKANAGAN CENTRE","1125700","2021-09-28","2021","09","28","†","18.0","","10.0","","14.0","","4.0","","0.0","","0.0","","0.0","","0.0","","0","","","","",""
"-119.45","50.06","OKANAGAN CENTRE","1125700","2021-09-29","2021","09","29","†","16.0","","8.0","","12.0","","6.0","","0.0","","0.0","T","0.0","","0.0","T","0","","","","",""
"-119.45","50.06","OKANAGAN CENTRE","1125700","2021-09-30","2021","09","30","†","16.0","","12.0","","14.0","","4.0","","0.0","","3.1","","0.0","","3.1","","0","","","","",""
"-119.45","50.06","OKANAGAN CENTRE","1125700","2021-10-01","2021","10","01","†","17.0","","7.0","","12.0","","6.0","","0.0","","0.0","","0.0","","0.0","","0","","","","",""
"-119.45","50.06","OKANAGAN CENTRE","1125700","2021-10-02","2021","10","02","†","17.0","","8.0","","12.5","","5.5","","0.0","","0.0","","0.0","","0.0","","0","","","","",""
"-119.45","50.06","OKANAGAN CENTRE","1125700","2021-10-03","2021","10","03","†","23.0","","11.0","","17.0","","1.0","","0.0","","0.0","","0.0","","0.0","","0","","","","",""
"-119.45","50.06","OKANAGAN CENTRE","1125700","2021-10-04","2021","10","04","†","19.0","","10.0","","14.5","","3.5","","0.0","","0.0","","0.0","","0.0","","0","","","","",""
"-119.45","50.06","OKANAGAN CENTRE","1125700","2021-10-05","2021","10","05","†","17.0","","11.0","","14.0","","4.0","","0.0","","1.8","","0.0","","1.8","","0","","","","",""
"-119.45","50.06","OKANAGAN CENTRE","1125700","2021-10-06","2021","10","06","†","16.0","","8.0","","12.0","","6.0","","0.0","","1.4","","0.0","T","1.4","","0","","","","",""
"-119.45","50.06","OKANAGAN CENTRE","1125700","2021-10-07","2021","10","07","†","15.0","","5.0","","10.0","","8.0","","0.0","","0.0","","0.0","","0.0","","0","","","","",""
"-119.45","50.06","OKANAGAN CENTRE","1125700","2021-10-08","2021","10","08","†","14.0","","3.0","","8.5","","9.5","","0.0","","0.0","","0.0","","0.0","","0","","","","",""
"-119.45","50.06","OKANAGAN CENTRE","1125700","2021-10-09","2021","10","09","†","15.5","","5.0","","10.3","","7.7","","0.0","","0.0","T","0.0","T","0.0","T","0","","","","",""
"-119.45","50.06","OKANAGAN CENTRE","1125700","2021-10-10","2021","10","10","†","11.0","","7.0","","9.0","","9.0","","0.0","","0.4","","0.0","","0.4","","0","T","","","",""
"-119.45","50.06","OKANAGAN CENTRE","1125700","2021-10-11","2021","10","11","†","12.0","","3.0","","7.5","","10.5","","0.0","","0.0","","0.0","","0.0","","0","","","","",""
"-119.45","50.06","OKANAGAN CENTRE","1125700","2021-10-12","2021","10","12","†","8.0","","1.0","","4.5","","13.5","","0.0","","3.2","","0.0","","3.2","","0","","","","",""
"-119.45","50.06","OKANAGAN CENTRE","1125700","2021-10-13","2021","10","13","†","10.0","","4.0","","7.0","","11.0","","0.0","","2.0","","0.0","","2.0","","0","","","","",""
"-119.45","50.06","OKANAGAN CENTRE","1125700","2021-10-14","2021","10","14","†","11.0","","2.0","","6.5","","11.5","","0.0","","1.0","","0.0","","1.0","","0","","","","",""
"-119.45","50.06","OKANAGAN CENTRE","1125700","2021-10-15","2021","10","15","†","10.0","","6.0","","8.0","","10.0","","0.0","","0.4","","0.0","","0.4","","0","","","","",""
"-119.45","50.06","OKANAGAN CENTRE","1125700","2021-10-16","2021","10","16","†","14.0","","8.0","","11.0","","7.0","","0.0","","0.0","T","0.0","","0.0","T","0","","","","",""
"-119.45","50.06","OKANAGAN CENTRE","1125700","2021-10-17","2021","10","17","†","14.0","","8.0","","11.0","","7.0","","0.0","","0.0","","0.0","","0.0","","0","","","","",""
"-119.45","50.06","OKANAGAN CENTRE","1125700","2021-10-18","2021","10","18","†","15.0","","7.0","","11.0","","7.0","","0.0","","0.0","","0.0","","0.0","","0","","","","",""
"-119.45","50.06","OKANAGAN CENTRE","1125700","2021-10-19","2021","10","19","†","12.0","","5.0","","8.5","","9.5","","0.0","","0.0","","0.0","","0.0","","0","","","","",""
"-119.45","50.06","OKANAGAN CENTRE","1125700","2021-10-20","2021","10","20","†","13.0","","6.0","","9.5","","8.5","","0.0","","0.0","T","0.0","","0.0","T","0","","","","",""
"-119.45","50.06","OKANAGAN CENTRE","1125700","2021-10-21","2021","10","21","†","11.0","","7.0","","9.0","","9.0","","0.0","","5.8","","0.0","","5.8","","0","","","","",""
"-119.45","50.06","OKANAGAN CENTRE","1125700","2021-10-22","2021","10","22","†","10.5","","8.0","","9.3","","8.7","","0.0","","11.8","","0.0","","11.8","","0","","","","",""
"-119.45","50.06","OKANAGAN CENTRE","1125700","2021-10-23","2021","10","23","†","14.5","","8.5","","11.5","","6.5","","0.0","","0.0","T","0.0","","0.0","T","0","","","","",""
"-119.45","50.06","OKANAGAN CENTRE","1125700","2021-10-24","2021","10","24","†","13.0","","8.0","","10.5","","7.5","","0.0","","5.4","","0.0","","5.4","","0","","","","",""
"-119.45","50.06","OKANAGAN CENTRE","1125700","2021-10-25","2021","10","25","†","14.0","","7.5","","10.8","","7.2","","0.0","","1.0","","0.0","","1.0","","0","","","","",""
"-119.45","50.06","OKANAGAN CENTRE","1125700","2021-10-26","2021","10","26","†","14.0","","9.0","","11.5","","6.5","","0.0","","1.0","","0.0","","1.0","","0","","","","",""
"-119.45","50.06","OKANAGAN CENTRE","1125700","2021-10-27","2021","10","27","†","15.0","","9.0","","12.0","","6.0","","0.0","","8.2","","0.0","","8.2","","0","","","","",""
"-119.45","50.06","OKANAGAN CENTRE","1125700","2021-10-28","2021","10","28","†","7.0","","5.0","","6.0","","12.0","","0.0","","8.0","","0.0","","8.0","","0","","","","",""
"-119.45","50.06","OKANAGAN CENTRE","1125700","2021-10-29","2021","10","29","†","10.0","","6.0","","8.0","","10.0","","0.0","","4.2","","0.0","","4.2","","0","","","","",""
"-119.45","50.06","OKANAGAN CENTRE","1125700","2021-10-30","2021","10","30","†","7.0","","0.0","","3.5","","14.5","","0.0","","0.0","","0.0","","0.0","","0","","","","",""
"-119.45","50.06","OKANAGAN CENTRE","1125700","2021-10-31","2021","10","31","†","6.0","","-1.0","","2.5","","15.5","","0.0","","0.0","","0.0","","0.0","","0","","","","",""
"-119.45","50.06","OKANAGAN CENTRE","1125700","2021-11-01","2021","11","01","†","7.0","","-1.0","","3.0","","15.0","","0.0","","0.6","","0.0","","0.6","","0","","","","",""
"-119.45","50.06","OKANAGAN CENTRE","1125700","2021-11-02","2021","11","02","†","6.5","","-1.0","","2.8","","15.2","","0.0","","5.8","","0.0","","5.8","","0","","","","",""
"-119.45","50.06","OKANAGAN CENTRE","1125700","2021-11-03","2021","11","03","†","8.0","","5.0","","6.5","","11.5","","0.0","","3.0","","0.0","","3.0","","0","","","","",""
"-119.45","50.06","OKANAGAN CENTRE","1125700","2021-11-04","2021","11","04","†","12.0","","6.5","","9.3","","8.7","","0.0","","3.4","","0.0","","3.4","","0","","","","",""
"-119.45","50.06","OKANAGAN CENTRE","1125700","2021-11-05","2021","11","05","†","11.5","","6.5","","9.0","","9.0","","0.0","","0.0","T","0.0","","0.0","T","0","","","","",""
"-119.45","50.06","OKANAGAN CENTRE","1125700","2021-11-06","2021","11","06","†","6.5","","2.5","","4.5","","13.5","","0.0","","0.0","T","0.0","","0.0","T","0","","","","",""
"-119.45","50.06","OKANAGAN CENTRE","1125700","2021-11-07","2021","11","07","†","9.0","","2.5","","5.8","","12.2","","0.0","","0.0","","0.0","","0.0","","0","","","","",""
"-119.45","50.06","OKANAGAN CENTRE","1125700","2021-11-08","2021","11","08","†","8.0","","3.0","","5.5","","12.5","","0.0","","0.0","T","0.0","","0.0","T","0","","","","",""
"-119.45","50.06","OKANAGAN CENTRE","1125700","2021-11-09","2021","11","09","†","11.0","","4.0","","7.5","","10.5","","0.0","","0.8","","0.0","","0.8","","0","","","","",""
"-119.45","50.06","OKANAGAN CENTRE","1125700","2021-11-10","2021","11","10","†","10.5","","5.0","","7.8","","10.2","","0.0","","0.0","","0.0","","0.0","","0","","","","",""
"-119.45","50.06","OKANAGAN CENTRE","1125700","2021-11-11","2021","11","11","†","8.0","","3.0","","5.5","","12.5","","0.0","","0.8","","0.0","","0.8","","0","","","","",""
"-119.45","50.06","OKANAGAN CENTRE","1125700","2021-11-12","2021","11","12","","","","","","","","","","","","","","","","","","","","","","",""
"-119.45","50.06","OKANAGAN CENTRE","1125700","2021-11-13","2021","11","13","","","","","","","","","","","","","","","","","","","","","","",""
"-119.45","50.06","OKANAGAN CENTRE","1125700","2021-11-14","2021","11","14","†","7.0","","1.5","","4.3","","13.7","","0.0","","13.8","","0.0","","13.8","","0","","","","",""
"-119.45","50.06","OKANAGAN CENTRE","1125700","2021-11-15","2021","11","15","†","13.0","","5.5","","9.3","","8.7","","0.0","","3.8","","0.0","T","3.8","","0","","","","",""
"-119.45","50.06","OKANAGAN CENTRE","1125700","2021-11-16","2021","11","16","†","7.0","","1.5","","4.3","","13.7","","0.0","","0.4","","0.0","","0.4","","0","T","","","",""
"-119.45","50.06","OKANAGAN CENTRE","1125700","2021-11-17","2021","11","17","†","2.0","","-2.0","","0.0","","18.0","","0.0","","0.0","","0.0","T","0.0","T","0","","","","",""
"-119.45","50.06","OKANAGAN CENTRE","1125700","2021-11-18","2021","11","18","†","0.5","","-1.5","","-0.5","","18.5","","0.0","","0.0","","10.0","","10.0","","0","T","","","",""
"-119.45","50.06","OKANAGAN CENTRE","1125700","2021-11-19","2021","11","19","†","4.0","","0.0","","2.0","","16.0","","0.0","","0.0","","0.0","","0.0","","10","","","","",""
"-119.45","50.06","OKANAGAN CENTRE","1125700","2021-11-20","2021","11","20","†","6.0","","-1.5","","2.3","","15.7","","0.0","","0.0","","0.0","","0.0","","3","","","","",""
"-119.45","50.06","OKANAGAN CENTRE","1125700","2021-11-21","2021","11","21","†","5.0","","2.0","","3.5","","14.5","","0.0","","0.0","","0.0","","0.0","","1","","","","",""
"-119.45","50.06","OKANAGAN CENTRE","1125700","2021-11-22","2021","11","22","†","8.0","","3.0","","5.5","","12.5","","0.0","","0.0","","0.0","","0.0","","0","","","","",""
"-119.45","50.06","OKANAGAN CENTRE","1125700","2021-11-23","2021","11","23","","","","","","","","","","","","","","","","","","","","","","",""
"-119.45","50.06","OKANAGAN CENTRE","1125700","2021-11-24","2021","11","24","†","4.5","","-0.5","","2.0","","16.0","","0.0","","1.8","","0.2","","2.0","","0","","","","",""
"-119.45","50.06","OKANAGAN CENTRE","1125700","2021-11-25","2021","11","25","†","7.0","","2.0","","4.5","","13.5","","0.0","","0.2","","0.0","","0.2","","0","","","","",""
"-119.45","50.06","OKANAGAN CENTRE","1125700","2021-11-26","2021","11","26","†","12.0","","5.0","","8.5","","9.5","","0.0","","0.0","","0.0","","0.0","","0","","","","",""
"-119.45","50.06","OKANAGAN CENTRE","1125700","2021-11-27","2021","11","27","†","6.5","","1.0","","3.8","","14.2","","0.0","","11.2","","0.0","","11.2","","0","","","","",""
"-119.45","50.06","OKANAGAN CENTRE","1125700","2021-11-28","2021","11","28","†","11.5","","1.5","","6.5","","11.5","","0.0","","0.8","","0.0","","0.8","","0","","","","",""
"-119.45","50.06","OKANAGAN CENTRE","1125700","2021-11-29","2021","11","29","†","6.5","","4.0","","5.3","","12.7","","0.0","","0.0","T","0.0","","0.0","T","0","","","","",""
"-119.45","50.06","OKANAGAN CENTRE","1125700","2021-11-30","2021","11","30","†","16.5","","5.0","","10.8","","7.2","","0.0","","2.0","","0.0","","2.0","","0","","","","",""
"-119.45","50.06","OKANAGAN CENTRE","1125700","2021-12-01","2021","12","01","†","19.0","","8.0","","13.5","","4.5","","0.0","","0.0","","0.0","","0.0","","0","","","","",""
"-119.45","50.06","OKANAGAN CENTRE","1125700","2021-12-02","2021","12","02","†","13.0","","9.0","","11.0","","7.0","","0.0","","0.0","","0.0","","0.0","","0","","","","",""
"-119.45","50.06","OKANAGAN CENTRE","1125700","2021-12-03","2021","12","03","†","3.0","","1.0","","2.0","","16.0","","0.0","","0.0","","3.0","","3.0","","0","","","","",""
"-119.45","50.06","OKANAGAN CENTRE","1125700","2021-12-04","2021","12","04","†","1.0","","-1.0","","0.0","","18.0","","0.0","","0.0","","3.0","","3.0","","3","","","","",""
"-119.45","50.06","OKANAGAN CENTRE","1125700","2021-12-05","2021","12","05","†","2.0","","-3.0","","-0.5","","18.5","","0.0","","0.0","","9.0","","9.0","","3","","","","",""
"-119.45","50.06","OKANAGAN CENTRE","1125700","2021-12-06","2021","12","06","†","-2.0","","-4.5","","-3.3","","21.3","","0.0","","0.0","","1.0","","1.0","","15","","","","",""
"-119.45","50.06","OKANAGAN CENTRE","1125700","2021-12-07","2021","12","07","†","2.0","","-3.5","","-0.8","","18.8","","0.0","","0.0","","1.0","","1.0","","15","","","","",""
"-119.45","50.06","OKANAGAN CENTRE","1125700","2021-12-08","2021","12","08","†","2.0","","0.0","","1.0","","17.0","","0.0","","0.0","","1.0","","1.0","","12","","","","",""
"-119.45","50.06","OKANAGAN CENTRE","1125700","2021-12-09","2021","12","09","†","1.5","","-1.5","","0.0","","18.0","","0.0","","0.0","","0.0","","0.0","","10","","","","",""
"-119.45","50.06","OKANAGAN CENTRE","1125700","2021-12-10","2021","12","10","†","6.5","","-3.0","","1.8","","16.2","","0.0","","0.0","","0.0","","0.0","","7","","","","",""
"-119.45","50.06","OKANAGAN CENTRE","1125700","2021-12-11","2021","12","11","†","8.0","","-0.5","","3.8","","14.2","","0.0","","0.0","","0.0","","0.0","","5","","","","",""
"-119.45","50.06","OKANAGAN CENTRE","1125700","2021-12-12","2021","12","12","†","6.0","","0.0","","3.0","","15.0","","0.0","","0.0","","0.0","","0.0","","1","","","","",""
"-119.45","50.06","OKANAGAN CENTRE","1125700","2021-12-13","2021","12","13","†","4.5","","1.0","","2.8","","15.2","","0.0","","3.6","","0.8","","4.4","","2","","","","",""
"-119.45","50.06","OKANAGAN CENTRE","1125700","2021-12-14","2021","12","14","†","5.0","","1.0","","3.0","","15.0","","0.0","","0.0","","0.0","T","0.0","T","2","","","","",""
"-119.45","50.06","OKANAGAN CENTRE","1125700","2021-12-15","2021","12","15","†","1.0","","-3.0","","-1.0","","19.0","","0.0","","0.0","","1.0","","1.0","","0","T","","","",""
"-119.45","50.06","OKANAGAN CENTRE","1125700","2021-12-16","2021","12","16","†","1.0","","-2.0","","-0.5","","18.5","","0.0","","0.0","","0.0","","0.0","","1","","","","",""
"-119.45","50.06","OKANAGAN CENTRE","1125700","2021-12-17","2021","12","17","†","-5.5","","-9.0","","-7.3","","25.3","","0.0","","0.0","","15.0","","15.0","","1","","","","",""
"-119.45","50.06","OKANAGAN CENTRE","1125700","2021-12-18","2021","12","18","","","","","","","","","","","","","","","","","","","","","","",""
"-119.45","50.06","OKANAGAN CENTRE","1125700","2021-12-19","2021","12","19","","","","","","","","","","","","","","","","","","","","","","",""
"-119.45","50.06","OKANAGAN CENTRE","1125700","2021-12-20","2021","12","20","†","-4.5","","-5.5","","-5.0","","23.0","","0.0","","0.0","","0.0","","0.0","","17","","","","",""
"-119.45","50.06","OKANAGAN CENTRE","1125700","2021-12-21","2021","12","21","†","0.0","","-10.5","","-5.3","","23.3","","0.0","","0.0","","2.0","","2.0","","16","","","","",""
"-119.45","50.06","OKANAGAN CENTRE","1125700","2021-12-22","2021","12","22","†","4.0","","-5.0","","-0.5","","18.5","","0.0","","0.0","","0.0","","0.0","","13","","","","",""
"-119.45","50.06","OKANAGAN CENTRE","1125700","2021-12-23","2021","12","23","†","4.0","","-1.0","","1.5","","16.5","","0.0","","0.0","","1.0","","1.0","","13","","","","",""
"-119.45","50.06","OKANAGAN CENTRE","1125700","2021-12-24","2021","12","24","†","-3.0","","-4.0","","-3.5","","21.5","","0.0","","0.0","","10.0","","10.0","","14","","","","",""
"-119.45","50.06","OKANAGAN CENTRE","1125700","2021-12-25","2021","12","25","†","-10.0","","-12.0","","-11.0","","29.0","","0.0","","0.0","","15.0","","15.0","","15","","","","",""
"-119.45","50.06","OKANAGAN CENTRE","1125700","2021-12-26","2021","12","26","†","-17.0","","-18.0","","-17.5","","35.5","","0.0","","0.0","","5.0","","5.0","","28","","","","",""
"-119.45","50.06","OKANAGAN CENTRE","1125700","2021-12-27","2021","12","27","†","-18.0","","-23.0","","-20.5","","38.5","","0.0","","0.0","","1.0","","1.0","","19","","","","",""
"-119.45","50.06","OKANAGAN CENTRE","1125700","2021-12-28","2021","12","28","†","-16.0","","-20.0","","-18.0","","36.0","","0.0","","0.0","","0.0","T","0.0","T","17","","","","",""
"-119.45","50.06","OKANAGAN CENTRE","1125700","2021-12-29","2021","12","29","†","-13.0","","-18.0","","-15.5","","33.5","","0.0","","0.0","","6.0","","6.0","","18","","","","",""
"-119.45","50.06","OKANAGAN CENTRE","1125700","2021-12-30","2021","12","30","†","-10.0","","-15.5","","-12.8","","30.8","","0.0","","0.0","","1.0","","1.0","","23","","","","",""
"-119.45","50.06","OKANAGAN CENTRE","1125700","2021-12-31","2021","12","31","†","-10.5","","-15.0","","-12.8","","30.8","","0.0","","0.0","","0.0","","0.0","","20","","","","",""
